codon,freqPerThousand,number,,,,,,,,,,,
TTT,17.08,1341983,,,,,,,,,,,
TTC,17.53,1377246,,,,,,,,,,,
TTA,8.78,690119,,,,,,,,,,,
TTG,13.42,1054214,,,,,,,,,,,
CTT,14.11,1108931,,,,,,,,,,,
CTC,17.85,1402940,,,,,,,,,,,
CTA,7.49,588397,,,,,,,,,,,
CTG,36.24,2848162,,,,,,,,,,,
ATT,16.5,1296263,,,,,,,,,,,
ATC,18.67,1467275,,,,,,,,,,,
ATA,8.14,639457,,,,,,,,,,,
ATG,21.39,1680759,,,,,,,,,,,
GTT,11.72,920619,,,,,,,,,,,
GTC,13.44,1055851,,,,,,,,,,,
GTA,7.67,603076,,,,,,,,,,,
GTG,25.9,2035509,,,,,,,,,,,
TCT,16.88,1326337,,,,,,,,,,,
TCC,17.35,1363614,,,,,,,,,,,
TCA,14.15,1111829,,,,,,,,,,,
TCG,4.08,320758,,,,,,,,,,,
CCT,19.07,1498271,,,,,,,,,,,
CCC,18.98,1491270,,,,,,,,,,,
CCA,18.67,1466930,,,,,,,,,,,
CCG,6.19,486595,,,,,,,,,,,
ACT,14.26,1120650,,,,,,,,,,,
ACC,17.8,1398865,,,,,,,,,,,
ACA,16.54,1299919,,,,,,,,,,,
ACG,5.64,443078,,,,,,,,,,,
GCT,18.85,1481387,,,,,,,,,,,
GCC,25.84,2030499,,,,,,,,,,,
GCA,17.05,1339676,,,,,,,,,,,
GCG,6.03,473616,,,,,,,,,,,
TAT,12.06,947642,,,,,,,,,,,
TAC,13.46,1057591,,,,,,,,,,,
TAA,0.43,33559,,,,,,,,,,,
TAG,0.34,26407,,,,,,,,,,,
CAT,11.87,932958,,,,,,,,,,,
CAC,14.65,1151545,,,,,,,,,,,
CAA,14.15,1111835,,,,,,,,,,,
CAG,35.42,2783737,,,,,,,,,,,
AAT,18.4,1445838,,,,,,,,,,,
AAC,18.22,1431977,,,,,,,,,,,
AAA,27.65,2172879,,,,,,,,,,,
AAG,31.85,2503111,,,,,,,,,,,
GAT,23.99,1885552,,,,,,,,,,,
GAC,24.29,1908799,,,,,,,,,,,
GAA,33.72,2649394,,,,,,,,,,,
GAG,39.75,3123257,,,,,,,,,,,
TGT,10.48,823726,,,,,,,,,,,
TGC,10.9,856646,,,,,,,,,,,
TGA,0.77,60621,,,,,,,,,,,
TGG,11.67,916734,,,,,,,,,,,
CGT,4.56,358155,,,,,,,,,,,
CGC,8.78,690020,,,,,,,,,,,
CGA,6.39,502451,,,,,,,,,,,
CGG,10.7,841125,,,,,,,,,,,
AGT,13.98,1098334,,,,,,,,,,,
AGC,19.7,1547892,,,,,,,,,,,
AGA,13.32,1046695,,,,,,,,,,,
AGG,12.19,958126,,,,,,,,,,,
GGT,10.77,846406,,,,,,,,,,,
GGC,19.83,1558404,,,,,,,,,,,
GGA,17.07,1341033,,,,,,,,,,,
GGG,15.33,1204755,,,,,,,,,,,